Bandit,Estimated_Reward,Pulls,Estimated_Regret
1,0.6477026176665812,1,0.3522973823334188
2,0.0,0,0.0
3,0.0,0,0.0
4,4.0151618490645,19999,-0.015161849064499577
